scenario,E_bg_gt,E_bg_est,E_bg_rel_err,E_incl_gt,E_incl_est,E_incl_rel_err,contrast_gt,contrast_est,contrast_rel_err,runtime_s
geom_58db559b24da6eb7cc0d_scenario_000,7354.5934289116385,7238.480769062588,0.015787774126656752,12572.100746434595,16364.398512845491,0.30164392116300687,1.709421583661228,2.260750430226638,0.32252362543859864,1321.6314787864685
geom_58db559b24da6eb7cc0d_scenario_001,2611.1620481079503,2165.141911073244,0.17081289051282464,7295.927021136892,4530.0224665572105,0.3791025522276514,2.7941303093094225,2.0922519874513505,0.25119741893195496,1316.7320971488953
geom_58db559b24da6eb7cc0d_scenario_002,3813.055593402489,3901.7919916544583,0.023271729477405113,13963.702923673834,5229.444603416709,0.6254972887921589,3.6620769305945675,1.3402673988264793,0.6340144065163382,1313.7983002662659
geom_58db559b24da6eb7cc0d_scenario_003,7782.327213960958,7543.415970751329,0.030699203032871544,7782.327213960958,9790.423674363492,0.2580329000816295,1.0,1.2978766797860095,0.2978766797860095,1311.7531085014343
geom_58db559b24da6eb7cc0d_scenario_004,2811.329012302196,2054.3464499379293,0.26926146283546304,3658.6803688816062,4110.166386318556,0.12340132832509797,1.301405973072328,2.000717253140405,0.5373505996880894,1372.7944288253784
geom_58db559b24da6eb7cc0d_scenario_005,4568.959940866549,4819.910405891512,0.0549250744749072,18232.931180940403,11485.333964691714,0.37007747954987164,3.9906086761361155,2.382893663469941,0.4028746347093185,1366.0084121227264
geom_58db559b24da6eb7cc0d_scenario_006,2886.237341553237,2460.2974671803945,0.14757617755150437,6941.837106385824,4535.3478977868435,0.34666460357953965,2.4051511656522515,1.8434144481661174,0.23355568061926663,1363.942723274231
geom_58db559b24da6eb7cc0d_scenario_007,3239.5246678437197,2722.2005343628443,0.15969137034700054,11510.217603061687,5465.929279731946,0.5251237232667066,3.5530575572752388,2.007908385416321,0.4348787338654481,1360.6836776733398
geom_58db559b24da6eb7cc0d_scenario_008,4360.918475554391,4762.918918740996,0.09218251738482669,15630.419717664867,7054.310083629266,0.5486807001313746,3.5842036041909306,1.4810896855439153,0.5867730048002547,1347.3441243171692
geom_58db559b24da6eb7cc0d_scenario_009,3030.940646846541,2628.4736914940277,0.13278615527204365,4423.767946403051,5283.571103528469,0.19435991388845825,1.45953631622765,2.0101289659571524,0.37723806088811573,1337.611912727356
geom_58db559b24da6eb7cc0d_scenario_010,6316.059181551156,6972.174804509806,0.10388053754707133,20759.888428948343,13615.935005243891,0.3441229199354782,3.2868419741199983,1.9528963898662879,0.40584414911241784,1334.164780139923
geom_58db559b24da6eb7cc0d_scenario_011,2745.051496938695,2350.5924168245733,0.14369824411455517,4714.05994893543,4642.502620342534,0.015179554220360632,1.7172938118620324,1.9750351388498535,0.1500857484068824,1336.3874275684357
geom_58db559b24da6eb7cc0d_scenario_012,3313.8795066513258,2913.7345074646773,0.12074820414668451,12680.133995617794,5452.125665258301,0.5700261789707795,3.826371468898417,1.8711813486405626,0.5109776027105749,1258.7578382492065
geom_58db559b24da6eb7cc0d_scenario_013,3448.60410808366,3215.9976033676517,0.06744946576232676,3448.60410808366,5976.361826949706,0.7329799651229566,1.0,1.8583228484659073,0.8583228484659073,1259.0161957740784
geom_58db559b24da6eb7cc0d_scenario_014,5463.2352536252465,6238.0478931026455,0.14182304138619245,8912.149864869094,12360.181444567335,0.38689111291654515,1.631295276723668,1.981418170616144,0.21462876702228378,1259.5590426921844
geom_58db559b24da6eb7cc0d_scenario_015,3147.693448213943,2927.56197671361,0.06993421536180396,5720.088195438926,5884.433303399805,0.028731219230487343,1.8172316617060043,2.0100115216025203,0.10608436115158573,1256.564126253128
geom_58db559b24da6eb7cc0d_scenario_016,7423.7625620968065,7332.959611742024,0.012231392046183039,21731.828349366257,13600.314413586475,0.3741753250143315,2.9273334333618832,1.8546828475379495,0.36642583096249914,1212.655879497528
geom_58db559b24da6eb7cc0d_scenario_017,4538.250252502894,4650.427237442051,0.024718113523442182,8071.860029855255,7397.171936389288,0.0835852072472155,1.7786282335143455,1.5906435169724478,0.10569084252669464,1207.0059850215912
geom_58db559b24da6eb7cc0d_scenario_018,6041.194827422252,6888.803277757337,0.14030476992524923,23169.859893399505,12387.434178459742,0.4653643036491299,3.835310821002932,1.7981982761006488,0.531146663197842,1214.3687608242035
geom_58db559b24da6eb7cc0d_scenario_019,3606.5271159155095,3296.749827669722,0.08589351425606881,5915.3821255048015,6475.572353660665,0.09470059858695236,1.640187896938408,1.9642292233735748,0.19756353954325942,1212.9909539222717
geom_62010c56d95ec023bc9b_scenario_000,7354.5934289116385,7253.36141470265,0.013764460970885933,12572.100746434595,15538.566895593247,0.2359562820079955,1.709421583661228,2.1422573627858092,0.25320598690320517,1096.9997329711914
geom_62010c56d95ec023bc9b_scenario_001,2611.1620481079503,2151.9877703592997,0.17585054825738167,7295.927021136892,4175.720229886878,0.4276641997940114,2.7941303093094225,1.9404014685407307,0.30554367415301165,1094.171953678131
geom_62010c56d95ec023bc9b_scenario_002,3813.055593402489,3950.612535322865,0.03607525213070131,13963.702923673834,6956.589530073622,0.5018091140939748,3.6620769305945675,1.7608888413819335,0.5191556936800782,1099.0183038711548
geom_62010c56d95ec023bc9b_scenario_003,7782.327213960958,7615.8037012006835,0.02139764985228877,7782.327213960958,10232.20035172401,0.31479955422179484,1.0,1.3435483309674636,0.3435483309674636,1091.9029333591461
geom_62010c56d95ec023bc9b_scenario_004,2811.329012302196,2046.0824860710188,0.2722009849727682,3658.6803688816062,4073.9435587917947,0.11350081123296568,1.301405973072328,1.9910944874049372,0.5299564690827484,1204.851294517517
geom_62010c56d95ec023bc9b_scenario_005,4568.959940866549,4855.894321239363,0.06280080895574548,18232.931180940403,10080.827625568869,0.4471087766674207,3.9906086761361155,2.075998149604696,0.47977907179443874,1200.306438446045
geom_62010c56d95ec023bc9b_scenario_006,2886.237341553237,2490.444370384623,0.13713112413534803,6941.837106385824,4833.810842395332,0.3036697968685134,2.4051511656522515,1.9409431103449222,0.19300577108692502,1202.528742313385
geom_62010c56d95ec023bc9b_scenario_007,3239.5246678437197,2749.009703303612,0.15141572138933662,11510.217603061687,5963.403300845944,0.48190351333933995,3.5530575572752388,2.169291470189955,0.3894578302712505,1199.4435694217682
geom_62010c56d95ec023bc9b_scenario_008,4360.918475554391,4790.104132880472,0.0984163450272984,15630.419717664867,10214.917398630803,0.3464719704816168,3.5842036041909306,2.1325042452653706,0.40502703507917903,1124.4338247776031
geom_62010c56d95ec023bc9b_scenario_009,3030.940646846541,2662.5122127416107,0.12155580627692311,4423.767946403051,5245.742897182247,0.18580878579934135,1.45953631622765,1.970223036753947,0.3498965492316281,1126.011920452118
geom_62010c56d95ec023bc9b_scenario_010,6316.059181551156,6919.944889129419,0.09561115407882463,20759.888428948343,13983.610753815254,0.3264120468819091,3.2868419741199983,2.020769092508553,0.38519432682808463,1122.8729400634766
geom_62010c56d95ec023bc9b_scenario_011,2745.051496938695,2347.0301668476855,0.14499594289392614,4714.05994893543,4650.6918988374655,0.013442351345632498,1.7172938118620324,1.9815219951279306,0.15386311965999575,1125.0937149524689
geom_62010c56d95ec023bc9b_scenario_012,3313.8795066513258,2919.6555162689806,0.11896147388313114,12680.133995617794,6038.050863596146,0.5238180554177998,3.826371468898417,2.068069616415622,0.45952199538770777,1045.6540234088898
geom_62010c56d95ec023bc9b_scenario_013,3448.60410808366,3249.085628161355,0.05785485189634433,3448.60410808366,6095.438940595114,0.7675090412109561,1.0,1.8760474909504,0.8760474909503999,1033.6141040325165
geom_62010c56d95ec023bc9b_scenario_014,5463.2352536252465,6227.686329139994,0.13992644285407255,8912.149864869094,12053.99858240765,0.3525354448900647,1.631295276723668,1.9355500494631102,0.1865111590039755,1038.8483324050903
geom_62010c56d95ec023bc9b_scenario_015,3147.693448213943,2917.2236465711585,0.07321862990614836,5720.088195438926,5730.34970971953,0.001793943367654138,1.8172316617060043,1.9643162143070036,0.08093880142002229,1033.6093678474426
geom_62010c56d95ec023bc9b_scenario_016,7423.7625620968065,7310.453201114043,0.015263063713982805,21731.828349366257,14654.668310074177,0.3256587492556034,2.9273334333618832,2.004618305721586,0.3152067055718381,970.7222623825073
geom_62010c56d95ec023bc9b_scenario_017,4538.250252502894,4681.125933585161,0.03148254792768854,8071.860029855255,8579.769307072522,0.06292344953191352,1.7786282335143455,1.832843087069329,0.03048127345187917,975.9625308513641
geom_62010c56d95ec023bc9b_scenario_018,6041.194827422252,6876.840882279849,0.13832463258169128,23169.859893399505,13038.704316433497,0.4372557979883216,3.835310821002932,1.8960311194681638,0.505638210836755,963.615905046463
geom_62010c56d95ec023bc9b_scenario_019,3606.5271159155095,3303.5059485487513,0.08402021047603765,5915.3821255048015,6487.38290391329,0.09669718139462975,1.640187896938408,1.9637872626695991,0.19729408218120928,975.5886430740356
geom_ab578f1bb0ee02be2ccd_scenario_000,7354.5934289116385,7258.385486624439,0.013081340690975022,12572.100746434595,14950.271751489494,0.1891625793508965,1.709421583661228,2.0597241327344022,0.20492460866376708,982.4453344345093
geom_ab578f1bb0ee02be2ccd_scenario_001,2611.1620481079503,2156.7644896890533,0.1740212020729061,7295.927021136892,4698.090860777825,0.35606663181154713,2.7941303093094225,2.1783049949302353,0.22039964003374998,977.6012585163116
geom_ab578f1bb0ee02be2ccd_scenario_002,3813.055593402489,3914.993185034381,0.02673383304672204,13963.702923673834,7937.281486408442,0.4315776030330963,3.6620769305945675,2.0274062076914543,0.4463780400805811,955.8314883708954
geom_ab578f1bb0ee02be2ccd_scenario_003,7782.327213960958,7632.090382987313,0.019304872031611613,7782.327213960958,8000.983837186864,0.028096559963920652,1.0,1.0483345237920465,0.0483345237920465,961.5100588798523
geom_ab578f1bb0ee02be2ccd_scenario_004,2811.329012302196,2039.3351858237613,0.27460102431989963,3658.6803688816062,4044.8721355763473,0.10555493450027532,1.301405973072328,1.9834268362032292,0.5240646479597775,1014.229147195816
geom_ab578f1bb0ee02be2ccd_scenario_005,4568.959940866549,4815.468200886001,0.05395281709839179,18232.931180940403,16334.891132571078,0.10409955643080693,3.9906086761361155,3.3921709065726176,0.14996152670698143,1003.777759552002
geom_ab578f1bb0ee02be2ccd_scenario_006,2886.237341553237,2472.8635007729536,0.1432224006075069,6941.837106385824,4006.974730724215,0.42277891726410827,2.4051511656522515,1.6203784517308528,0.326288311989977,994.3809146881104
geom_ab578f1bb0ee02be2ccd_scenario_007,3239.5246678437197,2712.8781990214616,0.16256905651927095,11510.217603061687,11177.471508217697,0.02890875796783197,3.5530575572752388,4.120152357835094,0.15960754685740236,1003.3259568214417
geom_ab578f1bb0ee02be2ccd_scenario_008,4360.918475554391,4780.303857893604,0.09616904894923484,15630.419717664867,7421.402094564507,0.525194957741465,3.5842036041909306,1.5524958904672388,0.5668505302957847,1129.6683220863342
geom_ab578f1bb0ee02be2ccd_scenario_009,3030.940646846541,2665.525699306607,0.12056156491223936,4423.767946403051,5312.137268601094,0.20081734235638937,1.45953631622765,1.9929041652019936,0.3654365040761014,1116.3070783615112
geom_ab578f1bb0ee02be2ccd_scenario_010,6316.059181551156,6882.631944568341,0.08970352346794205,20759.888428948343,15458.308889567812,0.2553761094393848,3.2868419741199983,2.2459880194185384,0.3166729532167827,1091.8642122745514
geom_ab578f1bb0ee02be2ccd_scenario_011,2745.051496938695,2353.689946165636,0.14256983929427516,4714.05994893543,4460.6284444640305,0.053760772501128574,1.7172938118620324,1.8951639963159888,0.10357586059259988,1109.6896896362305
geom_ab578f1bb0ee02be2ccd_scenario_012,3313.8795066513258,2874.294018527386,0.13264981036324425,12680.133995617794,5739.438557251833,0.5473676729886797,3.826371468898417,1.9968167905774559,0.4781435083321055,882.5571110248566
geom_ab578f1bb0ee02be2ccd_scenario_013,3448.60410808366,3246.261427198227,0.05867379221962123,3448.60410808366,6145.491825188241,0.7820229961400826,1.0,1.893098249481488,0.8930982494814881,1069.1506865024567
geom_ab578f1bb0ee02be2ccd_scenario_014,5463.2352536252465,6229.240853096333,0.14021098559919914,8912.149864869094,11201.436890931987,0.25687259087586267,1.631295276723668,1.798202566748427,0.10231580536417635,1069.0998485088348
geom_ab578f1bb0ee02be2ccd_scenario_015,3147.693448213943,2951.315639250777,0.06238784436730782,5720.088195438926,5650.378902498405,0.012186751420389887,1.8172316617060043,1.9145288383769126,0.053541427172563355,970.2415683269501
geom_ab578f1bb0ee02be2ccd_scenario_016,7423.7625620968065,7303.766644791438,0.016163760128593906,21731.828349366257,22211.603563227804,0.022077075437398168,2.9273334333618832,3.0411162682843442,0.038869106479540186,747.2076189517975
geom_ab578f1bb0ee02be2ccd_scenario_017,4538.250252502894,4672.658611439849,0.02961677991706762,8071.860029855255,8264.34222525167,0.023846076949362957,1.7786282335143455,1.7686595389225468,0.00560470951937035,956.7340953350067
geom_ab578f1bb0ee02be2ccd_scenario_018,6041.194827422252,6859.577887936033,0.13546708621264264,23169.859893399505,9530.826866711262,0.5886541001732017,3.835310821002932,1.3894188567306984,0.6377297899502794,959.5412120819092
geom_ab578f1bb0ee02be2ccd_scenario_019,3606.5271159155095,3316.5950122021763,0.08039093964769331,5915.3821255048015,6369.004134290711,0.07668515730033221,1.640187896938408,1.9203442418680399,0.17080746995668886,814.5715873241425
